RK,NAME,POS,GP,MIN,PTS,FGM,FGA,FG%,3PM,3PA,3P%,FTM,FTA,FT%,REB,AST,STL,BLK,TO,DD2,TD3,PER
1,LeBron JamesLAL,SF,56,37.2,30.3,11.4,21.8,52.4,2.9,8,35.9,4.5,6,75.6,8.2,6.2,1.3,1.1,3.5,21,6,26.25
2,Luka DoncicDAL,PG,65,35.4,28.4,9.9,21.6,45.7,3.1,8.8,35.3,5.6,7.5,74.4,9.1,8.7,1.2,0.6,4.5,44,10,25.13
3,Kyrie IrvingBKN,PG,29,37.7,27.4,10,21.2,46.9,3.4,8.2,41.8,4.1,4.4,91.5,4.4,5.8,1.4,0.6,2.5,2,0,21.49
4,Devin BookerPHX,SG,68,34.5,26.8,9.7,20.9,46.6,2.7,7,38.3,4.6,5.3,86.8,5,4.8,1.1,0.4,2.4,5,0,21.38
5,Ja MorantMEM,PG,57,33.1,27.4,10.2,20.6,49.3,1.5,4.5,34.4,5.5,7.3,76.1,5.7,6.7,1.2,0.4,3.4,10,1,24.53
6,Jayson TatumBOS,SF,76,35.9,26.9,9.3,20.6,45.3,3,8.6,35.3,5.3,6.2,85.3,8,4.4,1,0.6,2.9,22,0,21.87
7,Donovan MitchellUTAH,SG,67,33.8,25.9,9.2,20.5,44.8,3.5,9.8,35.5,4,4.7,85.3,4.2,5.3,1.5,0.2,3,3,0,21.64
8,Paul GeorgeLAC,SG,31,34.7,24.3,8.6,20.5,42.1,2.9,8.3,35.4,4.1,4.8,85.8,6.9,5.7,2.2,0.4,4.1,7,0,18.67
9,Trae YoungATL,PG,76,34.9,28.4,9.4,20.3,46,3.1,8,38.2,6.6,7.3,90.4,3.7,9.7,0.9,0.1,4,42,0,25.48
10,Kevin DurantBKN,PF,55,37.2,29.9,10.5,20.3,51.8,2.1,5.5,38.3,6.8,7.4,91,7.4,6.4,0.9,0.9,3.5,18,4,25.69
11,DeMar DeRozanCHI,SF,76,36.1,27.9,10.2,20.2,50.4,0.7,1.9,35.2,6.8,7.8,87.7,5.2,4.9,0.9,0.3,2.4,6,0,23.13
12,Joel EmbiidPHI,C,68,33.8,30.6,9.8,19.6,49.9,1.4,3.7,37.1,9.6,11.8,81.4,11.7,4.2,1.1,1.5,3.1,46,2,31.24
13,Stephen CurryGS,PG,64,34.5,25.5,8.4,19.1,43.7,4.5,11.7,38,4.3,4.7,92.3,5.2,6.3,1.3,0.4,3.2,12,2,21.47
14,Damian LillardPOR,PG,29,36.4,24,7.7,19,40.2,3.2,9.8,32.4,5.5,6.2,87.8,4.1,7.3,0.6,0.4,2.9,8,0,18.53
15,Shai Gilgeous-AlexanderOKC,PG,56,34.7,24.5,8.5,18.8,45.3,1.6,5.3,30,5.9,7.2,81,5,5.9,1.3,0.8,2.8,6,1,20.99
16,CJ McCollumPOR/NO,SG,62,34.6,22.1,8.6,18.8,46,2.9,7.6,38.8,1.9,2.7,68.2,4.3,5.1,1.1,0.4,2,3,0,18.41
17,Giannis AntetokounmpoMIL,PF,67,32.9,29.9,10.3,18.6,55.3,1.1,3.6,29.3,8.3,11.4,72.2,11.6,5.8,1.1,1.4,3.3,46,4,32.12
18,De'Aaron FoxSAC,PG,59,35.3,23.2,8.7,18.5,47.3,1.3,4.2,29.7,4.4,5.9,75,3.9,5.6,1.2,0.4,2.8,5,0,17.49
19,Jaylen BrownBOS,SG,66,33.6,23.6,8.7,18.4,47.3,2.5,7,35.8,3.7,4.8,75.8,6.1,3.5,1.1,0.3,2.7,11,2,18.98
20,Dejounte MurraySA,SG,68,34.8,21.1,8.4,18.3,46.2,1.4,4.3,32.7,2.9,3.6,79.4,8.3,9.2,2,0.3,2.6,39,13,22.32
21,Klay ThompsonGS,SG,32,29.4,20.4,7.7,17.9,42.9,3.6,9.3,38.5,1.4,1.6,90.2,3.9,2.8,0.5,0.5,1.3,0,0,16.81
22,Pascal SiakamTOR,PF,68,37.9,22.8,8.8,17.8,49.4,1.1,3.2,34.4,4.2,5.6,74.9,8.5,5.3,1.3,0.6,2.7,30,2,20.31
23,Nikola JokicDEN,C,74,33.5,27.1,10.3,17.7,58.3,1.3,3.9,33.7,5.1,6.3,81,13.8,7.9,1.5,0.9,3.8,66,19,32.94
24,Zach LaVineCHI,SG,67,34.7,24.4,8.4,17.7,47.6,2.8,7.1,38.9,4.8,5.6,85.3,4.6,4.5,0.6,0.3,2.6,0,0,20.08
25,Julius RandleNY,PF,72,35.3,20.1,7.1,17.3,41.1,1.7,5.4,30.8,4.2,5.6,75.6,9.9,5.1,0.7,0.5,3.4,31,1,15.8
26,Anthony EdwardsMIN,SF,72,34.3,21.3,7.6,17.3,44.1,3,8.4,35.7,3.1,3.9,78.6,4.8,3.8,1.5,0.6,2.6,4,0,16.55
27,Darius GarlandCLE,PG,68,35.7,21.7,8,17.3,46.2,2.6,6.7,38.3,3.2,3.5,89.2,3.3,8.6,1.3,0.1,3.6,29,1,19.04
28,RJ BarrettNY,SG,70,34.5,20,7,17.1,40.8,2,5.8,34.2,4.1,5.8,71.4,5.8,3,0.6,0.2,2.2,4,0,13.72
29,Tyler HerroMIA,PG,66,32.6,20.7,7.6,17,44.7,2.7,6.7,39.9,2.9,3.3,86.8,5,4,0.7,0.1,2.6,3,0,16.3
30,Fred VanVleetTOR,SG,65,37.9,20.3,6.8,16.9,40.3,3.7,9.9,37.7,3,3.4,87.4,4.4,6.7,1.7,0.5,2.6,10,1,17.38
31,LaMelo BallCHA,PG,75,32.3,20.1,7.2,16.7,42.9,2.9,7.5,38.9,2.8,3.2,87.2,6.7,7.6,1.6,0.4,3.3,23,5,19.76
32,Karl-Anthony TownsMIN,C,74,33.4,24.6,8.7,16.4,52.9,2,4.9,41,5.2,6.3,82.2,9.8,3.6,1,1.1,3.1,40,1,24.21
33,Reggie JacksonLAC,PG,75,31.2,16.8,6.4,16.3,39.2,2.2,6.8,32.6,1.8,2.2,84.7,3.6,4.8,0.7,0.2,2.3,5,0,12.19
34,Cade CunninghamDET,PG,64,32.6,17.4,6.7,16.1,41.6,1.8,5.7,31.4,2.2,2.6,84.5,5.5,5.6,1.2,0.7,3.7,10,2,13.12
35,Terry RozierCHA,SG,73,33.7,19.3,7.1,16,44.4,3,8.1,37.4,2.1,2.4,85.2,4.3,4.5,1.3,0.3,1.3,3,1,17.62
36,Nikola VucevicCHI,C,73,33.1,17.6,7.5,15.8,47.3,1.4,4.5,31.4,1.3,1.7,76,11,3.2,1,1,1.9,44,0,18.27
37,Russell WestbrookLAL,PG,78,34.3,18.5,7,15.8,44.4,1,3.4,29.8,3.4,5.1,66.7,7.4,7.1,1,0.3,3.8,28,10,15.01
38,Gary Trent Jr.TOR,SG,70,35,18.3,6.4,15.5,41.4,3,7.8,38.3,2.5,2.9,85.3,2.7,2,1.7,0.3,1,0,0,14.71
39,Khris MiddletonMIL,SF,66,32.4,20.1,6.8,15.5,44.3,2.5,6.6,37.3,3.9,4.4,89,5.4,5.4,1.2,0.3,2.9,4,0,18.19
40,James HardenBKN/PHI,SG,65,37.2,22,6.3,15.3,41,2.3,6.9,33,7.2,8.2,87.7,7.7,10.3,1.3,0.6,4.4,42,11,20.92
41,Miles BridgesCHA,SF,80,35.5,20.2,7.5,15.2,49.1,1.9,5.8,33.1,3.3,4.2,80.2,7,3.8,0.9,0.8,1.9,15,0,17.97
42,D'Angelo RussellMIN,PG,65,32,18.1,6.2,15,41.1,2.7,8,34,3,3.7,82.5,3.3,7.1,1,0.3,2.5,12,0,16.36
43,Jerami GrantDET,SF,47,31.9,19.2,6.3,14.9,42.6,1.9,5.4,35.8,4.6,5.5,83.8,4.1,2.4,0.9,1,1.8,1,0,16.12
44,Caris LeVertIND/CLE,SG,58,30.7,17,6.5,14.7,44.4,1.4,4.4,32,2.5,3.3,75.6,3.7,4.3,0.9,0.4,1.9,1,0,15.12
45,OG AnunobyTOR,SF,48,36,17.1,6.4,14.5,44.3,2.4,6.6,36.3,1.9,2.5,75.4,5.5,2.6,1.5,0.5,1.7,3,0,14.84
46,Desmond BaneMEM,SG,76,29.8,18.2,6.7,14.5,46.1,3,6.9,43.6,1.8,2,90.3,4.4,2.7,1.2,0.4,1.5,0,0,17.62
47,Jrue HolidayMIL,PG,67,32.9,18.3,7.1,14.2,50.1,2,4.8,41.1,2,2.7,76.1,4.5,6.8,1.6,0.4,2.7,12,0,19.84
47,Jalen GreenHOU,SG,67,31.9,17.3,6.1,14.2,42.6,2.3,6.8,34.3,2.8,3.5,79.7,3.4,2.6,0.7,0.3,2,0,0,12.56
49,Luguentz DortOKC,SF,51,32.6,17.2,5.7,14.2,40.4,2.5,7.7,33.2,3.2,3.7,84.3,4.2,1.7,0.9,0.4,1.7,0,0,12.31
50,Kyle KuzmaWSH,SF,66,33.4,17.1,6.4,14.2,45.2,1.9,5.7,34.1,2.4,3.3,71.2,8.5,3.5,0.6,0.9,2.6,24,1,15.21
51,Jordan ClarksonUTAH,PG,79,27.1,16,5.9,14.1,41.9,2.4,7.6,31.8,1.8,2.2,82.8,3.5,2.5,0.8,0.2,1.6,1,0,14.96
52,Cole AnthonyORL,PG,65,31.7,16.3,5.5,14,39.1,2,6,33.8,3.3,3.9,85.4,5.4,5.7,0.7,0.3,2.6,9,0,13.55
53,Tobias HarrisPHI,PF,73,34.8,17.2,6.8,14,48.2,1.4,3.8,36.7,2.3,2.8,84.2,6.8,3.5,0.6,0.6,1.6,9,1,16
54,Anfernee SimonsPOR,SG,57,29.5,17.3,6.2,14,44.3,3.1,7.8,40.5,1.8,2,88.8,2.6,3.9,0.5,0.1,2,2,0,15.34
55,Andrew WigginsGS,SF,73,31.9,17.2,6.5,14,46.6,2.2,5.5,39.3,2,3.2,63.4,4.5,2.2,1,0.7,1.5,1,0,15.04
56,Jordan PooleGS,SG,76,30,18.5,6.2,13.9,44.8,2.8,7.6,36.4,3.2,3.5,92.5,3.4,4,0.8,0.3,2.5,2,0,16.2
57,Saddiq BeyDET,SF,82,33,16.1,5.5,13.9,39.6,2.6,7.4,34.6,2.6,3.1,82.7,5.4,2.8,0.9,0.2,1.2,6,0,14.08
58,Buddy HieldIND/SAC,SG,81,30.9,15.6,5.5,13.6,40.6,3.2,8.8,36.6,1.4,1.6,87.4,4.4,2.8,0.9,0.3,1.9,1,0,12.9
59,Keldon JohnsonSA,SF,75,31.9,17,6.3,13.5,46.6,2.1,5.3,39.8,2.4,3.1,75.6,6.1,2.1,0.8,0.2,1.2,6,0,15.26
60,Bojan BogdanovicUTAH,SF,69,30.9,18.1,6.1,13.4,45.5,2.6,6.8,38.7,3.2,3.8,85.8,4.3,1.7,0.5,0,1.7,3,0,15.71
61,Norman PowellPOR/LAC,SF,45,32.4,19,6.2,13.4,46.1,2.4,5.6,41.9,4.2,5.2,81.1,3.2,2.1,0.9,0.5,1.5,0,0,16.33
62,Jaren Jackson Jr.MEM,PF,78,27.3,16.3,5.5,13.3,41.5,1.6,5.1,31.9,3.6,4.4,82.3,5.8,1.1,0.9,2.3,1.7,7,0,17.09
63,Tyrese MaxeyPHI,PG,75,35.3,17.5,6.4,13.3,48.5,1.8,4.1,42.7,2.8,3.3,86.6,3.2,4.3,0.7,0.4,1.2,1,0,16.27
64,Kevin Porter Jr.HOU,SG,61,31.3,15.6,5.5,13.2,41.5,2.5,6.8,37.5,2,3.2,64.2,4.4,6.2,1.1,0.4,3.1,10,1,13.56
65,Christian WoodHOU,C,68,30.8,17.9,6.5,12.9,50.1,1.9,4.9,39,3,4.9,62.3,10.1,2.3,0.8,1,1.9,33,0,19.18
66,Marcus Morris Sr.LAC,SF,54,29,15.4,5.6,12.8,43.4,1.9,5.1,36.7,2.4,2.7,87.2,4.4,2.1,0.5,0.3,1.3,2,0,13.74
67,Jalen BrunsonDAL,PG,79,31.9,16.3,6.4,12.8,50.2,1.2,3.2,37.3,2.3,2.7,84,3.9,4.8,0.8,0,1.6,7,0,17.14
68,Jonas ValanciunasNO,C,74,30.3,17.8,6.9,12.7,54.4,0.8,2.1,36.1,3.2,3.9,82,11.4,2.6,0.6,0.8,2.4,50,0,21.3
69,Will BartonDEN,SF,71,32.1,14.7,5.5,12.6,43.8,2.2,6.1,36.5,1.4,1.8,80.3,4.8,3.9,0.8,0.4,1.8,1,0,13.42
70,Tim Hardaway Jr.DAL,SF,42,29.6,14.2,5,12.6,39.4,2.4,7.2,33.6,1.9,2.5,75.7,3.7,2.2,0.9,0.1,0.8,0,0,12.79
71,Bogdan BogdanovicATL,SG,63,29.3,15.1,5.4,12.6,43.1,2.7,7.3,36.8,1.5,1.8,84.3,4,3.1,1.1,0.2,1.1,0,0,15.49
72,Scottie BarnesTOR,SF,74,35.4,15.3,6.2,12.6,49.2,0.8,2.6,30.1,2.1,2.9,73.5,7.5,3.5,1.1,0.7,1.8,13,0,16.37
73,Gordon HaywardCHA,SF,49,31.9,15.9,5.8,12.6,45.9,1.8,4.5,39.1,2.6,3,84.6,4.6,3.6,1,0.4,1.7,1,0,15.11
74,Domantas SabonisIND/SAC,PF,62,34.5,18.9,7.1,12.5,57.3,0.6,2,31.2,4,5.4,74.1,12.1,5.2,1,0.4,3.1,46,5,21.93
75,Franz WagnerORL,SF,79,30.7,15.2,5.8,12.3,46.8,1.2,3.4,35.4,2.4,2.8,86.3,4.5,2.9,0.9,0.4,1.5,2,0,14.75
76,Kelly Oubre Jr.CHA,SG,76,26.3,15,5.4,12.3,44,2.5,7.3,34.5,1.7,2.5,66.7,4,1.1,1,0.4,0.9,1,0,15.01
77,Bobby PortisMIL,C,72,28.2,14.6,5.8,12.1,47.9,1.8,4.7,39.3,1.2,1.6,75.2,9.1,1.2,0.7,0.7,1.3,24,0,17.79
78,Evan FournierNY,SG,80,29.5,14.1,5,12.1,41.7,3,7.7,38.9,1,1.4,70.8,2.6,2.1,1,0.3,1.3,0,0,12.34
79,Evan MobleyCLE,C,69,33.8,15,6.1,12,50.8,0.3,1.3,25,2.4,3.7,66.3,8.3,2.5,0.8,1.7,1.9,21,0,16.15
80,Deandre AytonPHX,C,58,29.5,17.2,7.6,12,63.4,0.1,0.3,36.8,1.8,2.4,74.6,10.2,1.4,0.7,0.7,1.6,30,0,21.99
81,Tyrese HaliburtonIND/SAC,PG,77,35,15.3,5.6,11.8,47.3,2.1,5.1,41.4,2.1,2.5,84.2,4,8.2,1.7,0.6,2.6,25,0,18.25
82,Seth CurryBKN/PHI,SG,64,33.3,15,5.6,11.5,48.7,2.5,5.8,42.2,1.3,1.5,87.2,3.1,3.6,0.8,0.2,1.7,1,0,13.7
83,Lauri MarkkanenCLE,PF,61,30.8,14.8,5.1,11.5,44.5,2.2,6.2,35.8,2.3,2.6,86.8,5.7,1.3,0.7,0.5,0.9,3,0,14.76
84,Chris PaulPHX,PG,65,32.9,14.7,5.6,11.3,49.3,1,3.1,31.7,2.6,3.1,83.7,4.4,10.8,1.9,0.3,2.4,34,2,20.86
85,Dennis SchroderBOS/HOU,PG,64,28.7,13.5,4.9,11.3,43.1,1.3,3.9,34.4,2.5,2.9,85.3,3.3,4.6,0.8,0.1,2.2,1,0,13.1
86,Chris DuarteIND,SG,55,28,13.1,4.9,11.3,43.2,1.7,4.6,36.9,1.6,2,80.4,4.1,2.1,1,0.2,1.6,0,0,12.31
87,Davion MitchellSAC,PG,75,27.7,11.5,4.7,11.2,41.8,1.3,4.3,31.6,0.7,1.1,65.9,2.2,4.2,0.7,0.3,1.5,3,0,10.84
88,Aaron GordonDEN,PF,75,31.7,15,5.8,11.1,52,1.2,3.5,33.5,2.3,3.1,74.3,5.9,2.5,0.6,0.6,1.8,6,0,15.38
89,Wendell Carter Jr.ORL,C,62,29.9,15,5.8,11,52.5,1.1,3.5,32.7,2.3,3.3,69.1,10.5,2.8,0.6,0.7,1.9,33,0,18.41
90,Mike ConleyUTAH,PG,72,28.6,13.7,4.8,11,43.5,2.3,5.8,40.8,1.8,2.3,79.6,3,5.3,1.3,0.3,1.7,2,0,17.28
91,Spencer DinwiddieWSH/DAL,PG,67,29.6,13.7,4.6,11,41.6,1.7,4.9,33.9,2.9,3.8,77.4,4.2,5.2,0.7,0.2,1.6,7,1,15.14
92,Lonzo BallCHI,PG,35,34.6,13,4.6,10.9,42.3,3.1,7.4,42.3,0.6,0.8,75,5.4,5.1,1.8,0.9,2.3,3,1,14.49
93,Lonnie Walker IVSA,G,70,23,12.1,4.4,10.9,40.7,1.6,5,31.4,1.7,2.1,78.4,2.6,2.2,0.6,0.3,1,0,0,12.41
94,Malik MonkLAL,SG,76,28.1,13.8,5.1,10.9,47.3,2.3,5.8,39.1,1.2,1.5,79.5,3.4,2.9,0.8,0.4,1.6,1,0,14.49
95,Harrison BarnesSAC,SF,77,33.6,16.4,5.1,10.8,46.9,1.8,4.7,39.4,4.4,5.4,82.6,5.6,2.4,0.7,0.2,1.5,5,0,15.75
96,Kentavious Caldwell-PopeWSH,SG,77,30.2,13.2,4.7,10.8,43.5,2.1,5.3,39,1.8,2,89,3.4,1.9,1.1,0.3,1.3,2,0,12.6
97,Devin VassellSA,SG,71,27.3,12.3,4.6,10.8,42.7,1.9,5.4,36.1,1.2,1.4,83.8,4.3,1.9,1.1,0.6,0.8,1,0,13.39
98,Malik BeasleyMIN,SG,79,25,12.1,4.2,10.8,39.1,3,8.1,37.7,0.6,0.8,81.7,2.9,1.5,0.5,0.2,0.5,0,0,11.91
99,Devonte' GrahamNO,PG,76,28.4,11.9,3.9,10.7,36.3,2.5,7.4,34.1,1.6,1.8,84.3,2.3,4.2,0.9,0.2,1.4,0,0,12.1
100,Derrick WhiteSA/BOS,PG,75,29.3,13.2,4.5,10.7,42.1,1.5,4.9,31.2,2.7,3.1,86.4,3.5,4.9,0.9,0.8,1.6,2,0,14.89
101,Coby WhiteCHI,PG,61,27.5,12.7,4.6,10.6,43.3,2.2,5.8,38.5,1.3,1.5,85.7,3,2.9,0.5,0.2,1.1,1,0,12.6
102,Carmelo AnthonyLAL,PF,69,26,13.3,4.6,10.5,44.1,2.2,5.8,37.5,1.9,2.3,83,4.2,1,0.7,0.8,0.9,1,0,14.8
103,Mikal BridgesPHX,SF,82,34.8,14.2,5.6,10.5,53.4,1.4,3.8,36.9,1.6,1.9,83.4,4.2,2.3,1.2,0.4,0.8,0,0,14.49
104,Nickeil Alexander-WalkerNO/UTAH,SG,65,22.6,10.6,3.9,10.5,37.2,1.6,5.2,31.1,1.2,1.7,74.3,2.9,2.4,0.7,0.4,1.4,2,0,10.57
105,Monte MorrisDEN,PG,75,29.9,12.6,5,10.3,48.4,1.7,4.2,39.5,1,1.1,86.9,3,4.4,0.7,0.2,1,0,0,14.75
106,Kevin LoveCLE,PF,74,22.5,13.6,4.4,10.3,43,2.5,6.4,39.2,2.2,2.7,83.8,7.2,2.2,0.4,0.2,1.3,15,0,19.67
107,Kevin HuerterATL,SG,74,29.6,12.1,4.7,10.3,45.4,2.2,5.6,38.9,0.6,0.7,80.8,3.4,2.7,0.7,0.4,1.2,1,0,11.91
108,Cameron PaynePHX,PG,58,22,10.8,4.1,10.1,40.9,1.2,3.6,33.6,1.3,1.5,84.3,3,4.9,0.7,0.3,1.8,3,0,13.87
109,Marcus SmartBOS,PG,71,32.3,12.1,4.2,10.1,41.8,1.7,5.1,33.1,2,2.5,79.3,3.8,5.9,1.7,0.3,2.2,2,0,13.67
110,Kyle LowryMIA,PG,63,33.9,13.4,4.4,10,44,2.3,6.1,37.7,2.3,2.8,85.1,4.5,7.5,1.1,0.3,2.7,16,2,15.02
111,Eric GordonHOU,SG,57,29.3,13.4,4.7,9.9,47.5,2.2,5.3,41.2,1.8,2.4,77.8,2,2.7,0.5,0.3,1.9,0,0,12.17
112,Patty MillsBKN,PG,81,29,11.4,4,9.8,40.8,2.8,7,40,0.6,0.7,81.4,1.9,2.3,0.6,0.2,0.9,0,0,10.43
113,Tre MannOKC,PG,60,22.8,10.4,3.9,9.8,39.3,1.6,4.5,36,1.1,1.4,79.3,2.9,1.5,0.8,0.2,1.2,0,0,10.29
114,Jakob PoeltlSA,C,68,29,13.5,6,9.8,61.8,0,0,100,1.4,2.8,49.5,9.3,2.8,0.7,1.7,1.6,28,0,20.85
115,De'Anthony MeltonMEM,SG,73,22.7,10.8,3.8,9.5,40.4,1.9,5.1,37.4,1.2,1.6,75,4.5,2.7,1.4,0.5,1.5,2,0,15.23
116,Darius BazleyOKC,PF,69,27.9,10.8,4,9.4,42.2,1.2,3.9,29.7,1.7,2.5,68.8,6.3,1.4,0.8,1,1.3,7,0,12.62
117,Jae'Sean TateHOU,SF,78,26.4,11.8,4.7,9.3,49.8,0.8,2.6,31.2,1.7,2.4,70.7,5.4,2.8,0.9,0.5,1.8,7,0,14.36
118,Immanuel QuickleyNY,SG,78,23.1,11.3,3.6,9.3,39.2,1.8,5.1,34.6,2.3,2.6,88.1,3.2,3.5,0.7,0,1.3,4,2,14.59
119,Cameron JohnsonPHX,SF,66,26.2,12.5,4.2,9.2,46,2.5,5.9,42.5,1.5,1.7,86,4.1,1.5,0.9,0.2,0.7,0,0,15.26
120,Duncan RobinsonMIA,SG,79,25.9,10.9,3.7,9.2,39.9,2.9,7.9,37.2,0.6,0.8,83.6,2.6,1.6,0.5,0.2,0.8,0,0,10.65
121,Luke KennardLAC,SG,70,27.4,11.9,4.1,9.1,44.9,2.7,6,44.9,1,1.1,89.6,3.3,2.1,0.6,0.1,0.9,1,0,13.31
122,Doug McDermottSA,SF,51,24,11.3,4.2,9.1,46.2,2.1,5,42.2,0.8,1,78.4,2.3,1.3,0.3,0.1,0.8,0,0,11.47
123,Frank JacksonDET,PG,53,22,10.6,3.7,9.1,40.2,1.6,5.3,30.8,1.6,2,82.7,1.6,1,0.5,0.2,0.7,0,0,10.67
124,Hamidou DialloDET,SG,58,21.9,11,4.5,9.1,49.6,0.4,1.6,24.7,1.6,2.4,65,4.8,1.3,1.2,0.3,1,5,0,15.77
125,Gary HarrisORL,SG,61,28.4,11.1,3.9,9.1,43.4,1.9,5,38.4,1.4,1.6,87.4,2,1.8,1,0.1,1,0,0,10.89
126,Danilo GallinariATL,PF,66,25.3,11.7,3.9,9,43.4,1.7,4.5,38.1,2.1,2.4,90.4,4.7,1.5,0.4,0.2,0.6,2,0,14.35
127,Alec BurksNY,SG,81,28.6,11.7,3.5,9,39.1,1.9,4.8,40.4,2.7,3.3,82.2,4.9,3,1,0.3,1.1,2,0,13.72
128,Talen Horton-TuckerLAL,SG,60,25.2,10,3.7,9,41.6,0.8,3,26.9,1.7,2.1,80,3.2,2.7,1,0.5,1.4,1,0,11.07
129,Justin HolidayIND/SAC,SF,74,27.8,10.1,3.5,8.9,39.4,2.4,6.5,36.7,0.7,0.8,80.6,2.6,1.7,0.8,0.4,0.9,0,0,9.56
130,Terrence RossORL,SG,63,23,10,3.5,8.8,39.7,1.2,4.2,29.2,1.8,2.1,86.2,2.6,1.8,0.4,0.2,1.2,0,0,10.07
131,Mo BambaORL,C,71,25.7,10.6,4.2,8.7,48,1.5,4,38.1,0.8,1,78.1,8.1,1.2,0.5,1.7,1.1,20,0,16.5
132,Cedi OsmanCLE,SF,66,22.2,10.7,3.7,8.7,43.2,1.9,5.4,35.7,1.3,2,66.4,2.2,2,0.8,0.2,1,0,0,13.33
133,Dorian Finney-SmithDAL,PF,80,33.1,11,4.1,8.7,47.1,2.2,5.4,39.5,0.7,1,67.5,4.7,1.9,1.1,0.5,1,1,0,12.56
134,Grayson AllenMIL,SG,66,27.3,11.1,3.9,8.6,44.8,2.4,5.9,40.9,1,1.1,86.5,3.4,1.5,0.7,0.3,0.7,0,0,12.77
135,Terance MannLAC,SG,81,28.6,10.8,4.1,8.5,48.4,0.9,2.6,36.5,1.6,2,78,5.2,2.6,0.7,0.3,1,6,0,13.4
136,Ben McLemorePOR,SG,64,20.1,10.2,3.4,8.4,40.1,2.4,6.5,36.2,1.1,1.4,81.8,1.6,0.9,0.6,0.2,0.9,0,0,11.72
137,Max StrusMIA,SG,68,23.3,10.6,3.7,8.3,44.1,2.7,6.5,41,0.6,0.8,79.2,3,1.4,0.4,0.2,0.8,0,0,12.75
138,Bones HylandDEN,PG,69,19,10.1,3.3,8.3,40.3,1.9,5.2,36.6,1.6,1.8,85.6,2.7,2.8,0.6,0.3,1.2,1,0,14.44
139,Precious AchiuwaTOR,PF,73,23.6,9.1,3.6,8.3,43.9,0.8,2.1,35.9,1.1,1.8,59.5,6.5,1.1,0.5,0.6,1.2,6,0,12.69
140,Al HorfordBOS,C,69,29.1,10.2,3.9,8.2,46.7,1.3,3.8,33.6,1.2,1.4,84.2,7.7,3.4,0.7,1.3,0.9,15,0,16.71
141,Josh RichardsonBOS/SA,SG,65,24.6,10.2,3.6,8.2,43.8,1.6,3.8,41.5,1.5,1.7,88.9,2.8,1.8,0.9,0.4,1,0,0,12.8
142,Chuma OkekeORL,PF,70,25,8.6,3.1,8.2,37.6,1.7,5.3,31.8,0.8,0.9,84.6,5,1.7,1.4,0.6,0.8,3,0,12.08
143,P.J. WashingtonCHA,PF,65,27.2,10.3,3.8,8.2,47,1.7,4.6,36.5,0.9,1.2,71.6,5.2,2.3,0.9,0.9,1.3,3,0,13.6
144,Clint CapelaATL,C,74,27.6,11.1,5,8.2,61.3,0,0,0,1.1,2.3,47.3,11.9,1.2,0.7,1.3,0.6,35,0,21.43
145,Jae CrowderPHX,PF,67,28.1,9.4,3.2,8.1,39.9,1.9,5.4,34.8,1.1,1.3,78.9,5.3,1.9,1.4,0.4,0.8,1,0,11.33
146,Jaden McDanielsMIN,PF,70,25.8,9.2,3.6,7.9,46,1.1,3.6,31.7,0.8,1,80.3,4.2,1.1,0.7,0.8,1.1,0,0,10.31
147,Montrezl HarrellWSH/CHA,C,71,23.1,13.1,5,7.8,64.5,0.1,0.2,23.5,3,4.2,71.6,6.1,2,0.4,0.6,1,7,0,23.26
148,Rudy GobertUTAH,C,66,32.1,15.6,5.5,7.7,71.3,0,0.1,0,4.6,6.7,69,14.7,1.1,0.7,2.1,1.8,53,0,24.76
149,Pat ConnaughtonMIL,SG,65,26,9.9,3.5,7.6,45.8,2.2,5.7,39.5,0.7,0.8,83.3,4.2,1.3,0.9,0.2,0.5,0,0,13.45
150,Tyus JonesMEM,PG,73,21.2,8.7,3.4,7.6,45.1,1.1,2.8,39,0.7,0.9,81.8,2.4,4.4,0.9,0,0.6,2,0,16.55
151,Oshae BrissettIND,SF,67,23.3,9.1,3.1,7.6,41.1,1.2,3.5,35,1.7,2.4,69.5,5.3,1.1,0.7,0.4,0.8,5,0,12.92
152,Gabe VincentMIA,PG,68,23.4,8.7,3.1,7.5,41.7,1.8,4.8,36.8,0.6,0.8,81.5,1.9,3.1,0.9,0.2,1.4,0,0,10.64
153,Patrick BeverleyMIN,PG,58,25.4,9.2,3.1,7.5,40.6,1.4,4.2,34.3,1.7,2.3,72.2,4.1,4.6,1.2,0.9,1.3,2,0,14.8
154,Cam ThomasBKN,SG,67,17.6,8.5,3.3,7.5,43.3,0.7,2.6,27,1.3,1.6,82.9,2.4,1.2,0.5,0.1,0.8,0,0,11.8
155,Trey LylesSAC/DET,PF,75,20.5,10.5,3.5,7.5,46.6,0.9,2.8,32.1,2.6,3.2,80.2,5.1,1.2,0.4,0.4,1,3,0,16.47
156,Chimezie MetuSAC,PF,60,21.3,8.9,3.4,7.5,45.2,1,3.1,30.6,1.2,1.5,78,5.6,1,0.9,0.5,1,6,0,13.4
157,Aleksej PokusevskiOKC,F,61,20.2,7.6,3,7.5,40.8,0.9,3.2,28.9,0.6,0.8,70,5.2,2.1,0.6,0.6,1.5,5,1,12
158,Jordan NworaMIL,SF,62,19.1,7.9,3,7.5,40.3,1.3,3.7,34.8,0.6,0.7,83.7,3.6,1,0.4,0.3,0.9,3,0,9.96
159,Georges NiangPHI,SF,76,22.8,9.2,3.2,7.4,43.7,2.1,5.1,40.3,0.7,0.8,88.1,2.7,1.3,0.4,0.2,0.8,0,0,10.7
160,Herbert JonesNO,SF,78,29.9,9.5,3.5,7.4,47.6,0.7,2.2,33.7,1.8,2.1,84,3.8,2.1,1.7,0.8,1.3,1,0,12.35
161,Reggie BullockDAL,SF,68,28,8.6,3,7.4,40.1,2.1,5.8,36,0.6,0.7,83.3,3.5,1.2,0.6,0.2,0.6,0,0,9.25
162,Alperen SengunHOU,C,72,20.7,9.6,3.5,7.3,47.4,0.4,1.6,24.8,2.3,3.2,71.1,5.5,2.6,0.8,0.9,2,8,0,16.02
163,Chris BoucherTOR,PF,80,21.1,9.4,3.4,7.2,46.4,0.9,2.9,29.7,1.9,2.4,77.7,6.2,0.3,0.6,0.9,0.5,10,0,17.96
164,Bryn ForbesSA/DEN,SG,75,17.1,8.8,3.1,7.2,42.9,1.6,3.9,41.4,1.1,1.2,90.8,1.2,1,0.3,0.1,0.7,0,0,11.6
165,R.J. HamptonORL,PG,64,21.9,7.6,2.7,7.1,38.3,1,2.9,35,1.2,1.8,64.1,3,2.5,0.7,0.2,1.4,0,0,8.56
166,Garrison MathewsHOU,SG,65,26.3,10,2.8,7.1,39.9,2.1,5.9,36,2.2,2.8,79.4,2.9,1,0.9,0.4,0.6,0,0,11.02
167,Deni AvdijaWSH,SF,82,24.2,8.4,3,7.1,43.2,1,3.2,31.7,1.3,1.7,75.7,5.2,2,0.7,0.5,1.1,3,0,11.62
168,Jeff GreenDEN,PF,75,24.7,10.3,3.7,7.1,52.4,0.7,2.2,31.5,2.2,2.6,83.3,3.1,1.3,0.4,0.4,0.9,1,0,12.51
169,Landry ShametPHX,SG,69,20.8,8.3,2.8,7,39.4,1.8,4.8,36.8,1,1.2,84,1.8,1.6,0.4,0.1,0.6,0,0,10.23
170,Bruce BrownBKN,SF,72,24.6,9,3.6,7,50.6,0.5,1.3,40.4,1.3,1.8,75.8,4.8,2.1,1.1,0.7,0.8,1,0,15.03
171,Furkan KorkmazPHI,SG,67,21.1,7.6,2.7,7,38.7,1.1,4,28.9,1,1.3,81,2.6,1.9,0.5,0.1,0.7,1,0,10.22
172,Robert CovingtonPOR/LAC,PF,71,27.3,8.5,2.9,7,42,1.8,4.8,37.8,0.8,1,84.1,5.5,1.3,1.5,1.3,1.1,1,0,12.46
173,Brandon ClarkeMEM,PF,64,19.5,10.4,4.5,7,64.4,0.1,0.3,22.7,1.3,2,65.4,5.3,1.3,0.6,1.1,0.5,4,0,23.75
174,Killian HayesDET,PG,66,25,6.9,2.7,7,38.3,0.7,2.5,26.3,0.9,1.1,77,3.2,4.2,1.2,0.5,1.7,2,0,9.35
175,Ayo DosunmuCHI,SG,77,27.4,8.8,3.6,6.9,52,0.9,2.4,37.6,0.7,1,67.9,2.8,3.3,0.8,0.4,1.4,4,0,11.23
176,Isaiah StewartDET,C,71,25.6,8.3,3.5,6.9,51,0.2,0.6,32.6,1,1.5,71.8,8.7,1.2,0.3,1.1,1.2,12,0,14.05
177,Ziaire WilliamsMEM,SG,62,21.7,8.1,3.1,6.8,45,1.2,3.9,31.4,0.7,0.9,78.2,2.1,1,0.6,0.2,0.7,0,0,9.7
178,Caleb MartinMIA,SF,60,22.9,9.2,3.5,6.8,50.7,1.1,2.6,41.3,1.2,1.6,76.3,3.8,1.1,1,0.5,0.9,1,0,14.82
179,Kyle AndersonMEM,SF,69,21.5,7.6,3,6.8,44.6,0.5,1.6,33,1,1.5,63.8,5.3,2.7,1.1,0.7,1,2,0,14.49
180,Josh ChristopherHOU,SG,74,18,7.9,3,6.8,44.8,0.8,2.6,29.6,1.1,1.5,73.5,2.5,2,0.9,0.2,1.5,0,0,12.22
181,Amir CoffeyLAC,SG,69,22.7,9,3.1,6.8,45.3,1.4,3.7,37.8,1.5,1.7,86.3,2.9,1.8,0.6,0.2,0.7,1,0,13.08
182,Corey KispertWSH,SF,77,23.4,8.2,3,6.7,45.5,1.5,4.2,35,0.7,0.8,87.1,2.7,1.1,0.5,0.3,0.6,0,0,10.96
183,Jaylen NowellMIN,SG,62,15.7,8.5,3.2,6.7,47.5,1,2.6,39.4,1.2,1.5,78.3,2,2.1,0.4,0.2,0.6,0,0,16.89
184,Kenyon Martin Jr.HOU,F,79,21,8.8,3.5,6.6,53.3,0.8,2.1,35.7,1,1.6,63.4,3.8,1.3,0.4,0.5,0.8,2,0,14.38
185,Ish SmithWSH/CHA,PG,65,17.3,6.3,2.8,6.6,43,0.4,1,37.3,0.2,0.4,62.5,2.2,3.8,0.7,0.4,1.2,1,0,12.58
186,Otto Porter Jr.GS,SF,63,22.1,8.2,3.1,6.6,46.4,1.3,3.4,37,0.8,1,80.3,5.7,1.5,1.1,0.5,0.6,5,0,15.94
187,Jonathan KumingaGS,PF,70,16.9,9.3,3.4,6.6,51.3,0.7,2.1,33.6,1.9,2.7,68.4,3.3,0.9,0.4,0.3,1.1,2,0,15.29
188,Obi ToppinNY,PF,72,17.1,9,3.5,6.6,53.1,0.7,2.3,30.8,1.3,1.7,75.8,3.7,1.1,0.3,0.5,0.8,3,0,18.4
189,Nicolas BatumLAC,PF,59,24.8,8.3,3,6.6,46.3,1.8,4.6,40,0.4,0.6,65.8,4.3,1.7,1,0.7,0.7,0,0,13.51
190,Ivica ZubacLAC,C,76,24.4,10.3,4.1,6.5,62.6,0,0,0,2.2,3,72.7,8.5,1.6,0.5,1,1.5,25,0,19.25
191,Isaac OkoroCLE,SF,67,29.6,8.8,3.1,6.4,48,0.8,2.3,35,1.8,2.3,76.8,3,1.8,0.8,0.3,0.9,0,0,10.39
192,Raul NetoWSH,PG,70,19.6,7.5,2.9,6.3,46.3,0.5,1.7,29.2,1.2,1.5,76.9,1.9,3.1,0.8,0,1.1,0,0,12.49
193,Moritz WagnerORL,C,63,15.2,9,3.1,6.3,49.7,1,3.2,32.8,1.7,2,80.6,3.7,1.4,0.3,0.2,0.9,3,0,18.13
194,JaVale McGeePHX,C,74,15.8,9.2,3.9,6.2,62.9,0,0.1,22.2,1.4,2,69.9,6.7,0.6,0.3,1.1,1.3,10,0,22.65
195,Naz ReidMIN,C,77,15.8,8.3,3,6.2,49,0.7,2.2,34.3,1.5,1.9,76.5,3.9,0.9,0.5,0.9,1.1,4,0,17.27
196,Cory JosephDET,PG,65,24.6,8,2.7,6.2,44.5,1,2.4,41.4,1.5,1.7,88.5,2.7,3.6,0.6,0.3,1.3,0,0,11.42
197,Damion LeeGS,SG,63,20,7.4,2.7,6.1,44.1,1,3,33.7,1,1.2,88,3.2,1,0.6,0.1,0.6,0,0,10.9
198,Robert Williams IIIBOS,C,61,29.6,10,4.4,6,73.6,0,0,0,1.1,1.5,72.2,9.6,2,0.9,2.2,1,25,1,22.1
199,P.J. TuckerMIA,PF,71,27.9,7.6,2.9,6,48.4,1.1,2.7,41.5,0.6,0.9,73.8,5.5,2.1,0.8,0.2,0.9,5,0,11.35
200,Maxi KleberDAL,PF,59,24.6,7,2.4,6,39.8,1.4,4.3,32.5,0.8,1.1,70.8,5.9,1.2,0.5,1,0.8,2,0,10.98
201,Cody MartinCHA,SF,71,26.3,7.7,2.9,6,48.2,0.9,2.2,38.4,1.1,1.5,70.1,4,2.5,1.2,0.5,0.9,0,0,12.73
202,Andre DrummondBKN/PHI,C,73,19.7,7.9,3.4,5.9,57,0,0,0,1.2,2.2,52.4,9.3,1.8,1.1,0.9,1.6,18,0,21.04
203,Royce O'NealeUTAH,PF,77,31.2,7.4,2.6,5.8,45.7,1.5,4,38.9,0.6,0.7,80.4,4.8,2.5,1.1,0.4,1,3,0,10.31
204,Daniel GaffordWSH,C,72,20.1,9.4,4,5.7,69.3,0,0,0,1.5,2.1,69.9,5.7,0.9,0.4,1.4,0.9,8,0,21.81
205,Jaxson HayesNO,C,70,20,9.3,3.5,5.7,61.6,0.3,0.8,35.1,2.1,2.7,76.6,4.5,0.6,0.5,0.8,0.8,4,0,18.56
206,Torrey CraigIND/PHX,SF,78,20.5,6.6,2.6,5.7,45.4,1,3,32.9,0.5,0.7,75,4,1.2,0.6,0.5,0.9,3,0,11.03
207,Taurean PrinceMIN,PF,69,17.1,7.3,2.6,5.7,45.4,1.2,3.3,37.6,0.9,1.2,75.6,2.5,1,0.7,0.3,0.8,0,0,12.47
208,Avery BradleyLAL,PG,62,22.7,6.4,2.4,5.6,42.3,1.3,3.4,39,0.3,0.3,88.9,2.2,0.8,0.9,0.1,0.6,0,0,7.87
209,Grant WilliamsBOS,PF,77,24.4,7.8,2.7,5.6,47.5,1.4,3.4,41.1,1.1,1.2,90.5,3.6,1,0.5,0.7,0.8,1,0,11.26
210,Wayne EllingtonLAL,SG,43,18.8,6.7,2.3,5.5,41.3,1.9,4.9,38.9,0.2,0.3,81.8,1.8,0.7,0.5,0.1,0.4,0,0,9.94
211,Isaiah HartensteinLAC,C,68,17.9,8.3,3.4,5.4,62.6,0.2,0.4,46.7,1.3,1.9,68.9,4.9,2.4,0.7,1.1,1.2,2,0,22.06
212,Aaron HolidayWSH/PHX,G,63,16.2,6.3,2.4,5.4,44.7,0.6,1.6,37.9,0.9,1.1,86.8,1.9,2.4,0.7,0.1,1.1,0,0,12.59
213,CJ EllebyPOR,SG,58,20.2,5.8,2.1,5.3,39.3,0.6,2.2,29.4,1,1.4,71.4,3.9,1.5,0.6,0.3,1,0,0,9.26
214,Payton PritchardBOS,PG,71,14.1,6.2,2.3,5.3,42.9,1.4,3.5,41.2,0.3,0.3,100,1.9,2,0.3,0.1,0.6,0,0,14.95
215,Drew EubanksPOR/SA,PF,71,17.5,7.7,3.1,5.2,59.6,0.1,0.3,21.7,1.4,1.8,76.2,5.4,1.2,0.4,0.6,1.1,7,0,18.06
216,Austin RiversDEN,SG,67,22.1,6,2.2,5.2,41.7,1.2,3.4,34.2,0.5,0.7,72.7,1.7,1.3,0.8,0.1,0.8,0,0,7.24
217,Austin ReavesLAL,SG,61,23.2,7.3,2.4,5.2,45.9,0.9,2.7,31.7,1.6,1.9,83.9,3.2,1.8,0.5,0.3,0.7,1,1,11.57
218,Danny GreenPHI,SF,62,21.8,5.9,2,5.2,39.4,1.7,4.4,38,0.2,0.2,78.6,2.5,1,1,0.6,0.7,0,0,9.53
219,Hassan WhitesideUTAH,C,65,17.9,8.2,3.3,5.1,65.2,0,0,0,1.6,2.6,62.3,7.6,0.4,0.3,1.6,0.8,14,0,22.96
220,Lamar StevensCLE,F,63,16.1,6.1,2.5,5.1,48.9,0.3,1,27.7,0.8,1.2,70.7,2.6,0.7,0.5,0.3,0.7,0,0,11.33
221,Steven AdamsMEM,C,76,26.3,6.9,2.8,5.1,54.7,0,0,0,1.4,2.6,54.3,10,3.4,0.9,0.8,1.5,14,0,17.6
222,Garrett TempleNO,SF,59,18.6,5.2,1.9,5,37.6,1,3.1,31.9,0.5,0.7,68.3,2.4,1.3,0.7,0.4,0.7,0,0,8.67
222,Javonte GreenCHI,SF,65,23.4,7.2,2.7,5,54.2,0.6,1.6,35.6,1.2,1.5,83.3,4.2,0.9,1,0.5,0.5,0,0,14.05
224,James JohnsonBKN,PF,62,19.2,5.5,2.3,5,46.9,0.4,1.4,27.1,0.5,0.9,52.7,3.5,2.1,0.5,0.5,0.8,1,0,10.29
225,Tre JonesSA,PG,69,16.6,6,2.4,4.9,49,0.1,0.7,19.6,1,1.3,78,2.2,3.4,0.6,0.1,0.7,3,0,15.01
226,Dwight PowellDAL,C,82,21.9,8.7,3.3,4.9,67.1,0.2,0.5,35.1,2,2.6,78.3,4.9,1.2,0.5,0.5,0.8,2,0,18.1
227,JaMychal GreenDEN,F,67,16.2,6.4,2.4,4.9,48.6,0.5,1.9,26.6,1.2,1.4,87.1,4.2,0.9,0.6,0.4,0.9,1,0,14.18
228,Jarred VanderbiltMIN,PF,74,25.4,6.9,2.9,4.9,58.7,0,0.2,14.3,1.2,1.8,65.6,8.4,1.3,1.3,0.6,1,8,0,15.35
229,Gary Payton IIGS,SG,71,17.6,7.1,3,4.8,61.6,0.6,1.7,35.8,0.5,0.8,60.3,3.5,0.9,1.4,0.3,0.6,1,0,17.86
230,Nemanja BjelicaGS,PF,71,16.1,6.1,2.3,4.8,46.8,0.8,2.1,36.2,0.8,1.1,72.8,4.1,2.2,0.6,0.4,1.2,3,0,14.2
231,Mitchell RobinsonNY,C,72,25.7,8.5,3.6,4.8,76.1,0,0,0,1.2,2.5,48.6,8.6,0.5,0.8,1.8,0.8,20,0,20.78
232,Facundo CampazzoDEN,PG,65,18.2,5.1,1.6,4.6,36.1,0.9,3,30.1,0.9,1.2,76.9,1.8,3.4,1,0.4,1,2,0,11.16
233,Matisse ThybullePHI,SG,66,25.5,5.7,2.3,4.5,50,0.7,2.2,31.3,0.5,0.7,79.1,2.3,1.1,1.7,1.1,0.6,0,0,11.22
234,Trey Murphy IIINO,SG,62,13.9,5.4,1.8,4.5,39.3,1.1,3,38.2,0.7,0.8,88.2,2.4,0.6,0.4,0.1,0.3,0,0,12.53
235,Keita Bates-DiopSA,SF,59,16.2,5.7,2.3,4.5,51.7,0.3,0.9,30.9,0.8,1,75.4,3.9,0.7,0.5,0.2,0.8,1,0,12.44
236,Kevon LooneyGS,C,82,21.1,6,2.5,4.4,57.1,0,0,0,0.9,1.5,60,7.3,2,0.6,0.6,0.8,5,0,15.78
237,Mason PlumleeCHA,C,73,24.6,6.5,2.8,4.4,64.1,0,0,0,0.9,2.3,39.2,7.7,3.1,0.8,0.7,1.4,7,0,14.72
238,Dewayne DedmonMIA,C,67,15.9,6.3,2.4,4.3,56.6,0.3,0.7,40.4,1.1,1.5,75,5.8,0.7,0.4,0.6,1,3,0,15.9
239,Eric PaschallUTAH,F,58,12.7,5.8,2,4.1,48.5,0.7,1.9,37,1.1,1.5,76.7,1.8,0.6,0.2,0.1,0.5,0,0,13.9
240,Troy Brown Jr.CHI,SF,66,16,4.3,1.6,3.9,41.9,0.7,2,35.3,0.3,0.4,76.9,3.1,1,0.5,0.1,0.4,1,0,10.16
241,Frank NtilikinaDAL,PG,58,11.8,4.1,1.5,3.8,39.9,0.7,1.9,34.2,0.4,0.4,96,1.4,1.2,0.5,0.1,0.5,0,0,10.41
242,Jevon CarterMIL/BKN,PG,66,13.7,4.2,1.5,3.8,38.7,1,2.6,38.8,0.2,0.3,83.3,1.7,1.5,0.4,0.2,0.5,0,0,9.62
243,Josh GreenDAL,SG,67,15.5,4.8,1.9,3.8,50.8,0.4,1.2,35.9,0.5,0.7,68.9,2.4,1.2,0.7,0.2,0.7,1,0,11.95
244,Dwight HowardLAL,C,60,16.2,6.2,2.2,3.7,61.2,0.1,0.3,53.3,1.6,2.4,65.8,5.9,0.6,0.6,0.6,0.8,5,0,18.25
245,John KoncharMEM,SG,72,17.9,4.8,1.9,3.6,51.5,0.7,1.8,41.3,0.4,0.7,55.1,4.6,1.5,0.6,0.3,0.4,3,1,13.98
246,Delon WrightATL,SG,77,18.9,4.4,1.6,3.5,45.4,0.6,1.5,37.9,0.7,0.8,85.7,2.9,2.4,1.2,0.2,0.6,0,0,13.81
247,Jordan McLaughlinMIN,PG,62,14.5,3.8,1.4,3.2,44,0.4,1.4,31.8,0.5,0.6,75,1.5,2.9,0.9,0.2,0.6,1,0,13.47
248,Juan Toscano-AndersonGS,SF,73,13.6,4.1,1.6,3.2,48.9,0.4,1.2,32.2,0.5,1,57.1,2.4,1.7,0.7,0.2,0.9,0,0,11.04
249,Dalano BantonTOR,PG,64,10.9,3.2,1.3,3.2,41.1,0.2,0.8,25.5,0.4,0.7,59.1,1.9,1.5,0.4,0.2,0.8,0,0,10.06
250,Trent ForrestUTAH,G,60,12.8,3.3,1.3,2.6,49,0.1,0.5,18.5,0.6,0.8,79.2,1.7,1.8,0.5,0.1,0.8,0,0,10.89
,,,,,,,,,,,,,,,,,,,,,,
,,,,,,,,,,,,,,,,,,,,,,
,,,,,,,,,,,,,,,,,,,,,,
,,,,,,,,,,,,,,,,,,,,,,
,,,,,,,,,,,,,,,,,,,,,,
,,,,,,,,,,,,,,,,,,,,,,
,,,,,,,,,,,,,,,,,,,,,,
,,,,,,,,,,,,,,,,,,,,,,
,,,,,,,,,,,,,,,,,,,,,,
,,,,,,,,,,,,,,,,,,,,,,
,,,,,,,,,,,,,,,,,,,,,,
,,,,,,,,,,,,,,,,,,,,,,
,,,,,,,,,,,,,,,,,,,,,,
,,,,,,,,,,,,,,,,,,,,,,
,,,,,,,,,,,,,,,,,,,,,,
,,,,,,,,,,,,,,,,,,,,,,
,,,,,,,,,,,,,,,,,,,,,,
,,,,,,,,,,,,,,,,,,,,,,
,,,,,,,,,,,,,,,,,,,,,,
,,,,,,,,,,,,,,,,,,,,,,
,,,,,,,,,,,,,,,,,,,,,,
,,,,,,,,,,,,,,,,,,,,,,
,,,,,,,,,,,,,,,,,,,,,,
,,,,,,,,,,,,,,,,,,,,,,
,,,,,,,,,,,,,,,,,,,,,,
,,,,,,,,,,,,,,,,,,,,,,
,,,,,,,,,,,,,,,,,,,,,,
,,,,,,,,,,,,,,,,,,,,,,
,,,,,,,,,,,,,,,,,,,,,,
,,,,,,,,,,,,,,,,,,,,,,
,,,,,,,,,,,,,,,,,,,,,,
,,,,,,,,,,,,,,,,,,,,,,
,,,,,,,,,,,,,,,,,,,,,,
,,,,,,,,,,,,,,,,,,,,,,
,,,,,,,,,,,,,,,,,,,,,,
,,,,,,,,,,,,,,,,,,,,,,
,,,,,,,,,,,,,,,,,,,,,,
,,,,,,,,,,,,,,,,,,,,,,
,,,,,,,,,,,,,,,,,,,,,,
,,,,,,,,,,,,,,,,,,,,,,
,,,,,,,,,,,,,,,,,,,,,,
,,,,,,,,,,,,,,,,,,,,,,
,,,,,,,,,,,,,,,,,,,,,,
,,,,,,,,,,,,,,,,,,,,,,
,,,,,,,,,,,,,,,,,,,,,,
,,,,,,,,,,,,,,,,,,,,,,
,,,,,,,,,,,,,,,,,,,,,,
,,,,,,,,,,,,,,,,,,,,,,
,,,,,,,,,,,,,,,,,,,,,,
,,,,,,,,,,,,,,,,,,,,,,
,,,,,,,,,,,,,,,,,,,,,,
,,,,,,,,,,,,,,,,,,,,,,
,,,,,,,,,,,,,,,,,,,,,,
,,,,,,,,,,,,,,,,,,,,,,
,,,,,,,,,,,,,,,,,,,,,,
,,,,,,,,,,,,,,,,,,,,,,
,,,,,,,,,,,,,,,,,,,,,,
,,,,,,,,,,,,,,,,,,,,,,
,,,,,,,,,,,,,,,,,,,,,,
,,,,,,,,,,,,,,,,,,,,,,
,,,,,,,,,,,,,,,,,,,,,,
,,,,,,,,,,,,,,,,,,,,,,
,,,,,,,,,,,,,,,,,,,,,,
,,,,,,,,,,,,,,,,,,,,,,
,,,,,,,,,,,,,,,,,,,,,,
,,,,,,,,,,,,,,,,,,,,,,
,,,,,,,,,,,,,,,,,,,,,,
,,,,,,,,,,,,,,,,,,,,,,
,,,,,,,,,,,,,,,,,,,,,,
,,,,,,,,,,,,,,,,,,,,,,
,,,,,,,,,,,,,,,,,,,,,,
,,,,,,,,,,,,,,,,,,,,,,
,,,,,,,,,,,,,,,,,,,,,,
,,,,,,,,,,,,,,,,,,,,,,
,,,,,,,,,,,,,,,,,,,,,,
,,,,,,,,,,,,,,,,,,,,,,
,,,,,,,,,,,,,,,,,,,,,,
,,,,,,,,,,,,,,,,,,,,,,
,,,,,,,,,,,,,,,,,,,,,,
,,,,,,,,,,,,,,,,,,,,,,
,,,,,,,,,,,,,,,,,,,,,,
,,,,,,,,,,,,,,,,,,,,,,
,,,,,,,,,,,,,,,,,,,,,,
,,,,,,,,,,,,,,,,,,,,,,
,,,,,,,,,,,,,,,,,,,,,,
,,,,,,,,,,,,,,,,,,,,,,
,,,,,,,,,,,,,,,,,,,,,,
,,,,,,,,,,,,,,,,,,,,,,
,,,,,,,,,,,,,,,,,,,,,,
,,,,,,,,,,,,,,,,,,,,,,
,,,,,,,,,,,,,,,,,,,,,,
,,,,,,,,,,,,,,,,,,,,,,
,,,,,,,,,,,,,,,,,,,,,,
,,,,,,,,,,,,,,,,,,,,,,
,,,,,,,,,,,,,,,,,,,,,,
,,,,,,,,,,,,,,,,,,,,,,
,,,,,,,,,,,,,,,,,,,,,,
,,,,,,,,,,,,,,,,,,,,,,
,,,,,,,,,,,,,,,,,,,,,,
,,,,,,,,,,,,,,,,,,,,,,
,,,,,,,,,,,,,,,,,,,,,,
,,,,,,,,,,,,,,,,,,,,,,
,,,,,,,,,,,,,,,,,,,,,,
,,,,,,,,,,,,,,,,,,,,,,
,,,,,,,,,,,,,,,,,,,,,,
,,,,,,,,,,,,,,,,,,,,,,
,,,,,,,,,,,,,,,,,,,,,,
,,,,,,,,,,,,,,,,,,,,,,
,,,,,,,,,,,,,,,,,,,,,,
,,,,,,,,,,,,,,,,,,,,,,
,,,,,,,,,,,,,,,,,,,,,,
,,,,,,,,,,,,,,,,,,,,,,
,,,,,,,,,,,,,,,,,,,,,,
,,,,,,,,,,,,,,,,,,,,,,
,,,,,,,,,,,,,,,,,,,,,,
,,,,,,,,,,,,,,,,,,,,,,
,,,,,,,,,,,,,,,,,,,,,,
,,,,,,,,,,,,,,,,,,,,,,
,,,,,,,,,,,,,,,,,,,,,,
,,,,,,,,,,,,,,,,,,,,,,
,,,,,,,,,,,,,,,,,,,,,,
,,,,,,,,,,,,,,,,,,,,,,
,,,,,,,,,,,,,,,,,,,,,,
,,,,,,,,,,,,,,,,,,,,,,
,,,,,,,,,,,,,,,,,,,,,,
,,,,,,,,,,,,,,,,,,,,,,
,,,,,,,,,,,,,,,,,,,,,,
,,,,,,,,,,,,,,,,,,,,,,
,,,,,,,,,,,,,,,,,,,,,,
,,,,,,,,,,,,,,,,,,,,,,
,,,,,,,,,,,,,,,,,,,,,,
,,,,,,,,,,,,,,,,,,,,,,
,,,,,,,,,,,,,,,,,,,,,,
,,,,,,,,,,,,,,,,,,,,,,
,,,,,,,,,,,,,,,,,,,,,,
,,,,,,,,,,,,,,,,,,,,,,
,,,,,,,,,,,,,,,,,,,,,,
,,,,,,,,,,,,,,,,,,,,,,
,,,,,,,,,,,,,,,,,,,,,,
,,,,,,,,,,,,,,,,,,,,,,
,,,,,,,,,,,,,,,,,,,,,,
,,,,,,,,,,,,,,,,,,,,,,
,,,,,,,,,,,,,,,,,,,,,,
,,,,,,,,,,,,,,,,,,,,,,
,,,,,,,,,,,,,,,,,,,,,,
,,,,,,,,,,,,,,,,,,,,,,
,,,,,,,,,,,,,,,,,,,,,,
,,,,,,,,,,,,,,,,,,,,,,
,,,,,,,,,,,,,,,,,,,,,,
,,,,,,,,,,,,,,,,,,,,,,
,,,,,,,,,,,,,,,,,,,,,,
